[
	{
		"title" : "TANTALIS - Crown Tenures",
		"name" : "tantalis-crown-tenures",
		"bcdc_data_resource_url" : "https://catalogue.data.gov.bc.ca/dataset/3544ad91-0cf2-4926-a08a-bfe42d9a031d",
		"description" : "Current Land Act tenures and applications for such tenures: a subset of crown land dispositions that are issued for specific purposes and periods of time under an agreement between an individual or company and the provincial government for an interest in crown land. Conveyances of ownership are not included. For example Leases, Licenses and Reserves are included, but Crown Grants and Acquisitions are not. Historical records (e.g. expired, replaced, or completed) are not included in this view.",
		"purpose" : "",
		"bcdc_type" : "Geographic",
		"last_modified" : "2024-06-16T13:00:00",
		"resource_storage_location" : "Bc Geographic Warehouse",
		"object_name" : "WHSE_TANTALIS.TA_CROWN_TENURES_SVW",
		"object_short_name" : "TA_CRT_SVW",
		"object_table_comments" : "Current Land Act tenures and applications for such tenures.",
		"projection_name" : "epsg3005",
		"license_title" : "Open Government Licence - British Columbia",
		"license_url" : "https://www2.gov.bc.ca/gov/content?id=A519A56BC2BF44E4A008B33FCF527F61",
		"details" : [
			{
				"column_name" : "INTRID_SID",
				"short_name" : "INTRID_SID",
				"data_type" : "NUMBER",
				"column_comments" : "A system-generated sequential identifier that uniquely represents the associated interest parcel amongst all interest parcels stored in the Tantalis system.",
				"data_precision" : "38"
			},
			{
				"data_type" : "VARCHAR2",
				"column_name" : "TENURE_STAGE",
				"column_comments" : "Indicates the point that a tenure has reached in the interest lifecycle. For example,  TENURE indicates that the tenure has passed the APPLICATION stage and has become a valid tenure.",
				"data_precision" : "48",
				"short_name" : "TEN_STAGE"
			},
			{
				"data_type" : "VARCHAR2",
				"column_name" : "TENURE_STATUS",
				"column_comments" : "Represents the business state of a tenure as it evolves from application to disposition and is often associated to a specific tenure stage (e.g. application, tenure). Typically the status is the result of either a business or client action. Examples: ALLOWED (application), DISPOSITION IN GOOD STANDING (tenure), SUSPENDED (tenure).  SPECIAL NOTE:  a status of HISTORIC applies to active Crown Grants retroactively entered from historic records.",
				"data_precision" : "48",
				"short_name" : "TEN_STATUS"
			},
			{
				"data_type" : "VARCHAR2",
				"data_precision" : "35",
				"column_name" : "TENURE_TYPE",
				"column_comments" : "Identifies the nature and extent of legal rights conveyed and utilizes a distinct legal instrument (contract) to do so. Term lengths, exclusivity of use or cancellation provisions may be characteristics distinguishing one type from another. For example, a Lease is issued where long term tenure is required, where substantial improvements are proposed, and/or where definite boundaries are required in order to avoid land use and property conflicts. Example Tenure Types are : Lease, Licence, Revenue Sharing Agreement.",
				"short_name" : "TEN_TYPE"
			},
			{
				"data_type" : "VARCHAR2",
				"column_name" : "TENURE_SUBTYPE",
				"column_comments" : "A further specification of the tenure type and is used to describe the nature of the tenure. For example,  'Lease - Purchase Option' indicates that a clause is included that allows for the  purchase of the land from the crown according to the lease document.",
				"short_name" : "TEN_SUBTYP",
				"data_precision" : "35"
			},
			{
				"data_type" : "VARCHAR2",
				"short_name" : "TEN_PURPOS",
				"column_name" : "TENURE_PURPOSE",
				"column_comments" : "Indicates the purpose for which the client acquired the Crown Land.  Purposes are established through policy, and each has a body of policy governing its use. For example, TRANSPORTATION indicates that the tenure will be used for activites such as a road or public wharf.",
				"data_precision" : "35"
			},
			{
				"data_type" : "VARCHAR2",
				"short_name" : "TEN_SUBPRP",
				"column_name" : "TENURE_SUBPURPOSE",
				"column_comments" : "A subcategory of a tenure purpose. Like Purposes, Subpurposes are established through policy, and each has a body of policy governing its use.   For example, PUBLIC WHARF is a subpurpose of the TRANSPORTATION purpose.",
				"data_precision" : "35"
			},
			{
				"data_type" : "VARCHAR2",
				"short_name" : "CL_FILE",
				"column_name" : "CROWN_LANDS_FILE",
				"data_precision" : "15",
				"column_comments" : "A unique seven-digit number generated by Crown Land Management offices to identify a disposition of Crown Land. This number is the basis for the ORCS number under which it will be filed and is commonly used in correspondence and physical files. For example, a file number might identify a specific Aquaculture Lease or a set of Right of Way tenures."
			},
			{
				"data_type" : "VARCHAR2",
				"column_name" : "APPLICATION_TYPE_CDE",
				"column_comments" : "A code representing the type of application.",
				"data_precision" : "30",
				"short_name" : "APP_TYP_CD"
			},
			{
				"data_type" : "VARCHAR2",
				"column_name" : "TENURE_DOCUMENT",
				"column_comments" : "The unique number assigned to the Document which forms the agreement between an individual or company and the provincial government for an interest in crown land. For example, 515744 is the tenure document number for a Right of Way agreement for the purpose of an Electric Power Line",
				"short_name" : "TEN_DOCMNT",
				"data_precision" : "50"
			},
			{
				"data_type" : "DATE",
				"column_name" : "TENURE_EXPIRY",
				"column_comments" : "The date that a tenure agreement ceases to be in effect. The tenure expiry date is initialized to equal the commencement date plus the tenure term, but may be adjusted later for various reasons.",
				"short_name" : "TEN_EXPIRY",
				"data_precision" : "7"
			},
			{
				"data_type" : "VARCHAR2",
				"column_name" : "TENURE_LOCATION",
				"column_comments" : "A brief text description that identifies the position of a tenure at or relative to known geographic features such as a city or town, a lake, a river, etc. For example, CAMPBELL RIVER may be the closest well known location to a Private Moorage Lease.",
				"data_precision" : "1000",
				"short_name" : "TEN_LOCATN"
			},
			{
				"data_type" : "VARCHAR2",
				"column_name" : "TENURE_LEGAL_DESCRIPTION",
				"column_comments" : "The formal land description of the interest parcel for a tenure. The description follows a prescribed convention.  For example, 'Block C, District Lot 1655, Rupert District' describes the area covered under a specific aquaculture lease.",
				"data_precision" : "2000",
				"short_name" : "TEN_LGLDSC"
			},
			{
				"short_name" : "TEN_A_DRVN",
				"data_type" : "VARCHAR2",
				"column_name" : "TENURE_AREA_DERIVATION",
				"data_precision" : "240",
				"column_comments" : "The method used to calculate the surface area of a tenure. For example, 'Calculated automatically' indicates that the TENURE_AREA_IN_HECTARES value was derived from the spatial representation of the tenure."
			},
			{
				"short_name" : "TEN_A_HECT",
				"column_name" : "TENURE_AREA_IN_HECTARES",
				"data_type" : "NUMBER",
				"data_precision" : "21",
				"column_comments" : "The area or size of the interest parcel, presented in the metric unit of hectares, in some case excluding area covering water bodies or roads."
			},
			{
				"short_name" : "RESP_BUS_U",
				"column_name" : "RESPONSIBLE_BUSINESS_UNIT",
				"data_type" : "VARCHAR2",
				"column_comments" : "The organizational group within the British Columbia government that is responsible for the land conveyance. For example, 'PE - LAND MGMNT - PEACE FIELD OFFICE' indicates that the Peace Field Office in the Peace Land Management Region is responsible for all government interaction with the tenure holder and the tenured lands.",
				"data_precision" : "100"
			},
			{
				"data_type" : "NUMBER",
				"short_name" : "DSP_TR_SID",
				"column_name" : "DISPOSITION_TRANSACTION_SID",
				"column_comments" : "A system-generated identifier for a specific instance of a disposition transaction. It can be used for joins to other disposition transaction data so long as appropriate business and data architecture rules are applied.",
				"data_precision" : "38"
			},
			{
				"data_type" : "VARCHAR2",
				"data_precision" : "1",
				"column_name" : "CODE_CHR_STAGE",
				"column_comments" : "A short text synonym or code for TENURE_STAGE  For example the tenure stage of 'APPLICATION' has a corresponding code value of 'A'.",
				"short_name" : "CD_CHR_STG"
			},
			{
				"short_name" : "FEAT_CODE",
				"column_name" : "FEATURE_CODE",
				"data_type" : "VARCHAR2",
				"data_precision" : "10",
				"column_comments" : "A standard alphanumeric code to identify the type of feature represented by the spatial data."
			},
			{
				"data_type" : "SDO_GEOMETRY",
				"column_name" : "SHAPE",
				"column_comments" : "The column used to reference the spatial coordinates defining the feature.",
				"data_precision" : "64",
				"short_name" : "SHAPE"
			},
			{
				"column_comments" : "The system calculated area of a two-dimensional polygon in square meters.",
				"short_name" : "AREA_SQM",
				"data_precision" : "19",
				"data_type" : "NUMBER",
				"column_name" : "FEATURE_AREA_SQM"
			},
			{
				"data_type" : "NUMBER",
				"column_name" : "FEATURE_LENGTH_M",
				"short_name" : "FEAT_LEN",
				"column_comments" : "The system calculated length or perimeter of a geometry in meters.",
				"data_precision" : "19"
			},
			{
				"column_name" : "OBJECTID",
				"data_type" : "NUMBER",
				"short_name" : "OBJECTID",
				"column_comments" : " column required by spatial layers that interact with ESRI ArcSDE. It is populated with unique values automatically by SDE.",
				"data_precision" : "38"
			},
			{
				"data_type" : "BLOB",
				"data_precision" : "4000",
				"column_name" : "SE_ANNO_CAD_DATA",
				"column_comments" : "A binary column used by spatial tools to store annotation, curve features and CAD data when using the SDO_GEOMETRY storage data type."
			}
		]
	}
]